	galpluslys	galminuslys	highgluc	lowgluc
Q0045		-1.3983647549798701	1.655751247875045	2.6598111070017003
Q0130		-1.01524213548845	-0.7716537524266852	
Q0160		-1.1256639873562901	1.3486487932473832	2.09476856826793
YAL005C	1.16988998691748	1.11270412703945	1.4964040260469769	
YAL008W		-1.00556642947521		
YAL012W	2.9502954083441204	2.54354973947017		
YAL021C		-1.25234128398996		
YAL024C			1.1515828053797201	
YAL025C	1.09237481929972			
YAL029C		1.06926962324954		
YAL034C		-1.22235048854452		
YAL037W	1.17476775698287	1.9616535577026		
YAL038W		-2.33302978361563		
YAL040C			1.07039022121865	
YAL044C			-1.10885623162139	
YAL055W	-1.48857158815682	-1.7634377907618302		
YAL060W			-1.03235385591325	
YAL061W			-1.7996864904974	-2.9240828364149998
YAL062W	-1.08892871331902	-1.6221042536980501	-1.78411381375076	
YAR015W				-1.319461497671
YAR028W		1.8741176976384801		
YAR035W			1.2786952451055174	3.65504896567779
YBL001C			-1.2360638596903	
YBL002W				-1.18843319950236
YBL003C	1.2500228675976102		-1.4471981276000976	-1.61252412365783
YBL005W			1.0172199926355199	
YBL006C			-1.25300717669765	
YBL010C		1.33524603218889		
YBL021C		1.2464748374978798		
YBL027W	1.2927264648164098			
YBL034C			1.23893203750642	
YBL038W			-1.02202561172141	
YBL039W-B	-1.25829279255856	-1.53535043563714		
YBL043W	1.57045093701959	2.0049129342268204	-2.72690941368375	
YBL055C		1.1606272648449198		
YBL063W			1.08301391177694	
YBL068W		1.05460713420449		
YBL069W	1.9850866669487601	2.37138425810011	-1.66046850204443	
YBL071W-A			-1.0603548780637801	
YBL075C	-2.39859205558963			
YBL088C		-1.0171030758975301		
YBL092W	1.3609678378649097			
YBL095W			-1.71218388514225	
YBL098W				-1.00691967087068
YBL101C			1.09925716218312	
YBL102W			-1.17094228444438	
YBR005W				-1.21590748104863
YBR006W			-1.064961425892725	
YBR007C	2.3119076832979903	2.6141431029143303		
YBR009C			-1.200489796370685	-1.33010392792469
YBR010W			-1.05391834846221	
YBR020W	1.3212109279545199	2.10416419367704		
YBR026C	-1.43500261623891	-1.55574419331515	-1.1662993300715399	
YBR029C			1.1309011999147098	
YBR034C	1.5084239230247802	1.12958963998998		
YBR035C			-1.2693950810669699	
YBR037C				-1.08242569483695
YBR046C		-1.2362266356035299	-3.10291996138178	
YBR047W			-3.7666734269116198	1.0905427780911099
YBR048W	1.63025572293862			
YBR053C	-1.0841282243916899		-1.0967521589501033	
YBR054W	1.6770374972211102	1.25765865093321	-2.470759227182065	-1.4115575869041201
YBR056W	-1.35237864556584	-1.04654674554436		
YBR056W-A				-1.4115133452916797
YBR058C-A			-1.00644832706963	
YBR066C		1.1573721185064199		
YBR067C	1.33709007414367		-1.9110218088420798	
YBR068C			-1.1652081323876	
YBR069C		1.00382203941656		
YBR071W		-1.11220036974289		
YBR082C	1.83785206927196	1.6612714002825901	1.1443253064469299	
YBR084C-A	1.19777437665823			
YBR084W	1.5403687611756598	1.68140884185658		
YBR086C	-1.20031912852108	-1.53193419114968		
YBR093C			2.4219254775332177	2.02503183573188
YBR096W	1.4027381034456299	1.16339598127671		
YBR101C	1.3432019319933701	1.5636343398068797		
YBR104W	1.44768659240435	1.70103913022752		
YBR105C	1.66318540197277	1.63037881363881	-1.97786359275929	
YBR106W	1.09634822158166			
YBR107C			-1.37800673535108	
YBR110W			-1.00806008561425	
YBR111C			-1.23630083018424	
YBR114W	1.1014089632553898			
YBR126C	-1.12866137229326	-1.2661081796571498		
YBR127C		-1.04957254891952		
YBR136W			1.1569286037806001	1.04544309044116
YBR138C		-1.03607357652104		
YBR139W	-1.06366699353531	-1.2781934473418	-1.111292415414375	
YBR140C	-1.11751595151937	-1.72003531001375		
YBR141C	1.08649266174467	1.3670013857485699		
YBR145W			-2.3170704335671	
YBR147W	-1.19816103566942	-1.21816584934323	-3.1161968341126602	
YBR149W	-1.10010162885177			
YBR150C	-1.23932708555884	-1.20639104045753		
YBR153W			-1.03335181516594	
YBR154C		1.1570684730969598		
YBR155W	1.3351708741961201	1.08622944751556		
YBR158W	1.3949071090349998	1.49355994237151		
YBR162C	1.36597102392678			
YBR181C	1.9743743849223199			
YBR182C	1.4226549241523	1.7139481360674798	1.03165801452733	
YBR185C		1.07854070602547		
YBR189W	1.40805150481736			
YBR191W	2.023050375005			
YBR195C	1.33788169867632			
YBR196C		-1.97694345556807		
YBR207W			-2.5061729155996	
YBR208C			1.4997606186475625	
YBR212W		-1.4658500903143001		
YBR214W	-1.30595413364979	-1.6499743189166698	1.06650255103292	
YBR225W		-1.5146252438241101		
YBR229C		-1.20702272514198		
YBR230C			-1.08415896630316	
YBR230W-A			-1.873849949448608	-1.1081414461249999
YBR233W			1.2741607414138703	
YBR233W-A			-1.31102897893382	
YBR241C	-1.67254209279729	-1.92574258431891		
YBR247C	1.20628741676102			
YBR248C			-1.52994851128024	
YBR249C	1.47902319691251			
YBR261C	1.24562640349717			
YBR262C			-1.60433224191797	
YBR265W			-1.0188057514909201	-1.38750106058722
YBR268W			-1.24622712910883	
YBR269C			-1.4567238704651149	
YBR280C	-1.74669583326157	-1.78588786983722		
YBR286W	-1.5738470848492399	-1.45442536241687		
YBR295W			1.53689906986302	1.39857156551574
YBR297W			1.1966210445716667	
YCL012C	-1.61583494459642	-1.72313744963948		
YCL014W			1.30886708605558	
YCL021W-A			1.1619054307877947	
YCL025C	1.66066663540427	2.23314976275678		
YCL030C			-1.93136562432875	
YCL033C		-1.0154344070180001	-1.37367200682285	
YCL036W			-1.13111211450807	
YCL037C	1.4309106644415501			
YCL043C			1.6191170472636203	
YCL044C			1.06364367044306	
YCL049C	1.1931230519381202			
YCL050C	1.9620310735458601	1.93631208943566	1.10330349963339	
YCL064C		-1.9518073880469098		
YCR002C		1.16358329197563		
YCR003W		1.23928145835075		
YCR004C	-1.2219119733794899	-1.4309579847777398	-1.077762602908075	
YCR005C			1.17941923054224	
YCR007C			1.338332201506975	
YCR011C	-1.08984410079873	-1.0440508478752801		
YCR012W				-1.30440778203092
YCR018C	1.84720854075676			
YCR020C-A			-1.25417480373172	
YCR020W-B			-1.06741881468465	
YCR021C	1.33020879367274	1.41323592374129	-1.75060052776059	
YCR030C		-1.25913460932501		
YCR034W	1.0695081086345			
YCR043C		1.1088790010344098		
YCR057C	1.60220786185399			
YCR060W	1.2278350753566698	1.29113966749522		
YCR065W		-1.08244013741495		
YCR068W		-1.0095869719075798		
YCR069W		-1.14455567353712		
YCR075W-A			-1.03162658489203	
YCR076C			-1.11131131809183	
YCR079W	-1.03161286302128			
YCR081W			1.00245648026606	
YCR089W			1.13230325681581	
YCR093W		-1.07561588717462	1.16201839528449	
YCR100C	-1.3053808471496	-1.63333472669445	1.2063339655738998	
YCR106W			1.12225847874669	
YDL004W			-1.12726177133157	
YDL014W	2.2721892484536697	1.38509032011859		
YDL017W		1.18935120843418		
YDL019C	-1.0018567560364902			
YDL021W				-1.61233015395154
YDL022W	-1.8508528783762601	-2.8507589215733202		-3.52368019503431
YDL039C	5.0871718427971695	4.2749064771567005	1.207531976131755	3.3326443359209104
YDL046W	-1.05738463076666	-1.13199220774889		
YDL048C	2.13620404348673	1.19840012907088		-1.68702595909859
YDL049C			-1.1320315534957535	
YDL052C	1.06759467456557			
YDL058W			1.18822560828846	1.0885915415396101
YDL059C	1.1248997715444098			
YDL061C	1.55376776310188			
YDL063C	2.5427816623051602	1.7949873320311103		
YDL066W			-1.72998086353321	
YDL067C			-1.4684720317624058	
YDL075W	1.2891381432651001			
YDL082W	1.7140183693381			
YDL083C	1.5307013922581598			
YDL101C		-1.01237186210878		
YDL110C	-1.4378084870896202	-1.5697908342598998	-1.04115444824433	
YDL111C		1.00096821619562		
YDL117W		1.10556193384817		
YDL120W			1.1860402548145201	
YDL124W				-1.31109147353281
YDL129W	1.1993600177609098	1.32729030056387		
YDL130W	1.6289744931192902			
YDL132W		-1.07570823435296		
YDL133C-A			-1.65473933433448	-1.72141495639151
YDL133W	-1.1913959108836498			
YDL142C			-1.13035566302551	
YDL149W	-1.1339640321523898	-1.22520755223021		
YDL158C				1.08497295952146
YDL160C			1.1133087262832901	
YDL167C	1.7548983885383702			
YDL170W		1.05443026620312	-2.01874781265056	
YDL174C		1.22160888849402		1.6631903684741798
YDL177C	1.30217677504616			
YDL181W			-1.1683172684802248	
YDL191W	1.03196247868991		1.02436716789931	
YDL197C		-1.1070365679241698		
YDL198C			-1.6396653887400798	
YDL200C			-1.0509134856776898	
YDL204W	-2.73765736006316	-3.4190567987416802		
YDL215C			1.6183174887956397	1.5542018004923899
YDL216C	-1.25787428684712	-1.1066891036664699		
YDL227C	1.45226686789007			
YDL229W	1.8161004393473101			
YDL234C			1.185034987518062	
YDL236W	1.3112099202837801	2.00136242173973		
YDL239C			1.03838768954996	
YDL243C				1.6672815557828102
YDR002W	1.16343916547233	1.49884685489686		
YDR009W		1.2956600745064		
YDR011W			1.1137072107815167	
YDR012W	1.1693735794583			
YDR016C			-1.190423311345386	
YDR021W		1.76687411952407		
YDR025W	1.88365309717298			
YDR030C			-1.16890632681196	
YDR032C			-1.3960381660133525	
YDR033W	1.99612624370749	2.08685825996753	-1.34753386240867	
YDR037W	2.09443170405559	1.84237209272172		
YDR040C		-1.4617350649515302	1.8267141691329023	1.20336468210717
YDR043C			1.362648435669255	
YDR044W	2.10452737128725	1.5401587146071003		
YDR046C		1.77561440460895		
YDR047W		1.0997807293973898		
YDR050C		-1.2041399004151598		
YDR060W	1.0330862128029599			
YDR064W	1.21122066027902			
YDR069C	-1.31414789212695	-1.08417799425314		
YDR074W	-1.13055870465964			
YDR077W				-2.0618246111605
YDR079C-A			-1.27038503236748	
YDR090C			-1.00580895933992	
YDR091C	1.04900724510614			
YDR096W			1.122390149740455	
YDR101C	2.10728800826419	1.249567802985		
YDR115W			-1.04765299463645	
YDR133C			-1.6336432123315665	
YDR141C			1.03267987025471	
YDR144C			1.2051501492631298	
YDR146C		-1.4037799878556398		
YDR151C	1.1662144144288402			
YDR154C	-1.2566677947670601	-1.22231548977518		
YDR155C	-1.3684362653296598	-1.8054604729583998		-1.5943005775407402
YDR158W			-1.56004899875722	
YDR169C		-1.4081415029263202		
YDR171W			1.32259584318069	-1.8245904935060702
YDR180W			1.06274266307153	
YDR184C	1.83424892305092	1.16850776790742		
YDR204W			-1.02229779782603	
YDR210W	1.10467422773633	1.01899792308958	1.23261822882503	
YDR213W	1.26003671982422			
YDR214W			1.100197058376055	
YDR216W			1.20664074018071	1.2994085773138502
YDR222W	1.6412582253581203	2.93162520885995		
YDR225W			-1.2391939301024675	-1.0344979292268
YDR234W	1.78858507603825	1.2843228361030101	1.09066582120147	
YDR249C		1.10484810460833		
YDR256C		-2.38981365921796		
YDR258C			1.3592896702156867	
YDR259C			1.1783760351506773	
YDR264C			-1.4468225925299099	
YDR266C	1.07208634620726			
YDR268W		1.0146492979031099		
YDR270W			-3.5217882503632003	
YDR277C	1.2288471651906598	1.01772441525566	-1.40453138664095	
YDR280W	1.05003016088033	1.0564807693526999		
YDR281C			1.9192526646019978	2.37324525735035
YDR285W			1.1061745975021027	
YDR286C			-1.05140167293582	
YDR293C		-1.00190700545917	1.095236780531295	
YDR299W	1.02330386255722			
YDR300C		1.10252796961847		
YDR308C		1.20268968596767		
YDR320C-A		-1.0633007056436998	-1.8059493729523504	-1.38408088263632
YDR322C-A			-1.36390493520544	
YDR324C	1.8593470771387	1.0394599356618		
YDR328C			-1.12781094549068	
YDR329C		-1.00509280169783		
YDR330W	-1.03834646332469	-1.14612302874588		
YDR345C	2.43119414621615			
YDR353W	1.0724034343924398			
YDR377W			-1.1042986465182467	
YDR378C			-1.19312823444265	
YDR380W		-2.4788119265187003		
YDR382W	1.02736364130593			
YDR384C		-1.06033798870041	-1.01160242407621	
YDR385W			1.5804940225571	1.4366983000897
YDR395W	1.03259827235965			
YDR398W	1.1328981648386798	1.02435907568609		
YDR400W			1.53785407493648	
YDR410C		1.02541925199376		
YDR418W	1.8085303050015402			
YDR420W		-1.1962985215666	1.0720896855027702	
YDR424C			-1.1332531203236074	
YDR447C	1.67031060357579			
YDR449C	1.5645419771103701	1.03367499114208		
YDR451C		-1.5613536317646701		
YDR453C			-1.2633203267380602	
YDR461W			-1.472103756495642	-1.2441160172733101
YDR464W				1.0800883398796401
YDR465C	1.26558985534254	1.31943769770435		
YDR470C	-1.3441115406066102	-1.6919642160844799		
YDR471W	1.7200732515273798			
YDR497C			-1.2290690769305201	-1.32559699080924
YDR502C		1.10879225262098	-1.239115554535255	-2.11600520099275
YDR507C			1.1277698634051	
YDR508C	2.14229735213481	1.77535792249199		
YDR514C		1.02837964017359		
YDR518W			1.4999733063044798	
YDR524C-B	1.73733812726312	1.31807072011158		-1.12955971517245
YDR525W-A			-1.7711177195082097	
YDR529C			-1.1146198949941626	
YDR533C			-1.69296348581999	
YEL007W	1.03564868290031		1.21822351974987	
YEL011W	-1.20276959280102	-1.22183273706383		-2.38186815666994
YEL017C-A	1.41719393297296	1.3618591598368301	-1.537684735439484	-1.23982397915714
YEL017W		1.05980340151134		
YEL020W-A		1.17729966848655		
YEL024W			-1.04937115230787	
YEL026W	3.40860613273752	1.9456528937078703		
YEL029C	1.0759558578688702	1.4690085520079499		
YEL030W	-1.28973928219911	-2.30536848227361		
YEL034W		-1.14571026600606	1.22370491177197	
YEL040W	1.79778871106143			
YEL044W			-1.15021409133451	
YEL046C	1.2289545457251798	1.12418664614559		
YEL053C		1.09510693126905		
YEL060C			1.303469709100065	
YEL065W			-3.7441232362087	
YEL067C			-1.2544745310353	
YEL068C				1.22441168679776
YEL071W	1.25244368527475		1.049702829516405	1.56086160602748
YEL073C			-1.3857031477252302	-1.43024137310085
YEL077C			1.2307205623860926	
YER001W		1.34060310012241		
YER003C			2.02025689693397	-1.32771643498669
YER004W		-1.27165526320038		
YER010C		-1.03839157575879		
YER012W			1.04412703378128	
YER015W		-1.3306818905350402		
YER019C-A			-1.1307352979967902	
YER020W	-1.27829990367973	-1.64217742728329		
YER023W			-1.05504777104141	
YER024W		-1.2489153696851598		2.97557249010234
YER026C			-1.35605483250405	-1.1356384266861799
YER033C			1.1154818584387398	
YER036C	1.02010439598029			
YER037W	1.0316781610674999		-1.08044413944698	
YER042W				-1.0200796850157399
YER043C	2.22675239994867	1.7539966247848502		
YER045C			1.34541132987513	
YER049W	2.01164831371326	1.5568770436033503		
YER052C	1.5907164814017298	1.208239428764	-1.66582530917364	
YER053C		1.3137680660813502		
YER055C	1.5748937857966998	1.4059933095006103		
YER056C	2.05812196672064	2.3598757608240297		
YER056C-A	1.63745363340847			
YER062C	3.2547595044743596	2.19783081201554	-1.6662027155280332	
YER069W			-2.6272831638714798	
YER073W	1.57784894804148		-2.94197225501797	
YER074W	1.70181988066078			
YER074W-A			-1.11938969296013	
YER079W			-1.23008894928107	
YER081W			1.18860128313772	
YER086W	1.15349175282345			
YER098W		1.03547645995675		
YER102W	1.76736908378587			
YER111C			1.3185593416260302	
YER117W	1.46957677901421		-1.18227227488123	
YER119C			-1.01026102383106	
YER124C	1.9214995149098502	2.16785923650019	-2.21235585195783	
YER125W		-1.01194197718829		
YER126C	1.3680541468768799			
YER127W	1.8471519207277	1.5562085303140403		
YER130C	2.23083918846296	2.28287470886792		
YER131W	1.88052308736271			
YER132C			1.117782592341885	1.14995834349767
YER145C	1.07406556060277	1.1073034397539598	-1.8793639571441048	
YER149C		1.16029444719617		
YER150W			-1.910349538878	-2.4157767935669803
YER155C			1.02938024433448	1.0312932877832701
YER156C			1.31527314202049	-1.5236619175309598
YER172C			1.00682615644364	
YER175C			-1.53999153027136	
YER176W				1.3838629673929599
YER184C			1.1922473661747175	
YER185W			1.1888759620643374	
YFL001W		1.50177952004316		
YFL003C			1.08741342272668	
YFL007W	-1.4431929680733002	-1.95613305980335		
YFL008W			1.00946894971555	
YFL017C			-1.103193755857565	
YFL017W-A			-1.06794372634252	
YFL021W			1.0004192948450699	
YFL022C	1.0471446047569			
YFL028C			-1.6554706851604	
YFL030W			-1.1734307245811202	
YFL031W	1.2031140083922	1.1492228777049198		
YFL033C		-1.15862498150779		
YFL034C-A	1.7245556635824901			
YFL041W			-1.55270896705495	
YFL054C	1.18987106246237			
YFL055W				1.2386325267071001
YFR014C		-1.335285658934		
YFR016C			1.2404754936525602	
YFR022W		1.45652939642705		
YFR024C-A			-1.08512711589433	
YFR026C			2.17184468195976	
YFR031C-A	1.11625922550039			
YFR032C-A	1.41711970326528		-1.2514084533380674	
YFR034C			-1.09595471551998	
YFR034W-A		1.19794592769483		
YFR053C			-1.3562803399599233	-1.79271506261659
YGL001C	1.12247589486282	1.64953165056629		
YGL005C	-1.0335861424711401			
YGL006W			1.16207684828669	
YGL008C	2.63141953189752	2.56445309334159		
YGL009C	1.6185305988434397		1.17391274781753	
YGL012W	1.1133702119496	1.53323162291831		
YGL013C			1.02721224185699	
YGL028C	1.35312168602129	1.21455438844887	-1.7324932393871102	
YGL029W	1.16742968243335	1.34210053065718		
YGL030W	1.39512059001006			
YGL031C	1.0197022751945102			
YGL032C		-1.15403272497082	-1.3419691681524164	-1.5269006336961102
YGL035C	1.5933513695695098			-1.09666670495165
YGL036W			1.16918399612238	
YGL037C			-1.22267571984477	-1.5811982183255202
YGL038C	-1.75922652980332	-1.00656150483125		
YGL039W		1.94481477947072	1.2806849478672149	1.30983671198235
YGL047W	-1.1645351812256999			
YGL058W	1.14773490337994			
YGL059W	-1.5670547946167201	-1.3289776327411102	-2.71437351318685	
YGL064C		1.2136894404886698		
YGL068W			-1.2205161842880001	
YGL070C		1.0219675370759	-1.00558661063931	
YGL072C			-1.1522065008440276	
YGL076C	1.19486785710366			
YGL078C	1.0842351406360602			
YGL088W			-1.2905146828254699	
YGL097W		1.00594578563507		
YGL101W		1.26696163375578		
YGL103W	1.4801242211697798			
YGL117W			-3.43825198430311	
YGL120C	1.2978488932143601			
YGL123W	1.05994079523974			
YGL131C			1.05405911265425	
YGL154C			-1.6342853054781599	
YGL156W	-1.7485256324398	-2.01558703919036		
YGL162W	1.13768789105319	1.8061227559820903		
YGL178W			1.3099363549947567	1.36767230655199
YGL179C	1.70524465612764	2.12208054675833		
YGL180W		-1.1947285902577198	1.5181242770921128	
YGL184C			1.3929293199971202	
YGL186C			-1.6161916162370602	
YGL187C			-1.329072792064855	
YGL189C	1.4300132412687099			
YGL190C	-1.13879229342118	-1.16222520623764		
YGL191W			-1.1896254739236225	
YGL197W		-1.06573945447748	1.0661544419564202	
YGL209W		1.7190929081115		
YGL215W			1.1772000010948602	1.32825159801155
YGL225W	1.26976792968552			
YGL226W			-1.1780430755883702	
YGL246C		1.17923756938207		
YGL253W	3.4350800091120295	1.9694943743127298		
YGL255W	1.0631953072453002		1.9321784652494751	2.97608895142958
YGL256W			1.7171027018477798	
YGR008C	-1.0222203634895402		-1.56878124393552	-1.7741420692717098
YGR021W			-1.01687624488619	
YGR026W		-1.49691659371691	1.1510036654891498	
YGR032W			1.4193344171374225	
YGR034W	1.5648350091550702			
YGR040W			1.56094188629392	
YGR043C	-2.05557843681661	-1.5912618875888203	-1.43447136687206	-1.79308409493156
YGR044C	-1.51292802787602	-1.2272762118636298		
YGR046W	-1.12477682354249	-1.0717863600067399		
YGR054W	1.17827701394203			
YGR055W		1.1293264480382		
YGR063C			-1.1551364311691599	
YGR065C			-1.5404122050744298	
YGR070W	-1.14048060871901	-1.21313132694477		
YGR072W		-1.33654018172895		
YGR073C			-1.3118655440745801	
YGR074W			-1.10931239163992	
YGR079W	1.3161956388129	1.13599934156567	-1.35078696458363	
YGR081C		1.03938917209183		
YGR085C	1.83820050369096			
YGR086C		-1.10978082636152		-1.2396732461578002
YGR090W	1.1952480035173798			
YGR097W			1.51169295445534	
YGR108W		-1.48533543538578	-1.2124477142349175	-1.04127576930289
YGR110W			-1.77200285002347	
YGR118W	1.38228263019835			
YGR123C	2.5637157822524	1.7414130965089398		
YGR124W	1.3876808230481201	1.48101170641535		
YGR130C	-1.4423770954313897	-1.46079537488509		
YGR136W		1.01407054057274		
YGR137W		1.0712819117624102		
YGR138C	1.97701763462055	2.04618251634612		1.0821321614196802
YGR140W		1.05354737783973		
YGR141W	-1.03319750788612			
YGR142W	2.35347901389942	2.44247858219117	2.0967370632332236	
YGR143W	-1.06424926539863	-1.30140348222583		
YGR146C			2.231789655012632	1.75763014866705
YGR149W			1.11745880375578	
YGR153W		1.53564123057315	1.5249648642060398	
YGR154C	-1.06065886486492	-1.07109929071245		
YGR159C	3.32832564965227	2.12240830622038		
YGR161C			1.356502370160605	
YGR166W	1.08870715976029	1.04183989431645		
YGR174C	-1.06322180472421	-1.29591462854983	-1.176339167751585	-1.31462973743338
YGR180C		-1.21195750856225	1.01065623707625	
YGR183C			-1.190796100346665	
YGR185C	1.36095194717118			
YGR188C		1.09009768502262		
YGR191W		1.01772527269831		
YGR192C		-1.18243916602247		
YGR194C			-1.00667356785411	
YGR197C	1.04907318329829			
YGR198W	1.46887780241081	1.60344742529843		
YGR201C	-2.1195130851851602	-2.06423105657114	-1.13087560597532	
YGR203W			-1.0812276718771199	
YGR204W	1.46552686500833			
YGR208W	1.3901478512862302	1.7038458189316399		
YGR211W	1.8771835746398002	1.57022971701163		
YGR214W	1.13948241881522			
YGR233C			1.232079309914005	1.15447639594608
YGR234W	1.2843519314237	1.3005723726087	1.7735873798946797	
YGR235C			-1.1023138930474399	
YGR239C	1.93738213552241	2.43419252575518	-1.60887687877453	
YGR243W			-1.02613161292585	
YGR250C		1.62915167966253		
YGR254W		-1.63104640973223		-2.69115915809201
YGR255C			1.01476178508382	-1.08074080405148
YGR257C			-1.02532129202969	
YGR260W			1.2325591900523534	
YGR264C	1.33682723328924	1.13412547873571		
YGR266W	-1.8480675872371701	-1.03214011584438		
YGR271W			1.07740488074238	
YGR280C		-1.1076938119550601		
YGR285C	1.39257906985604			
YGR286C			-1.01811617447927	-1.8730664818662301
YGR287C	1.63131313938644	2.24521339603576	1.2194569657581549	
YGR289C			1.41957142872675	
YHL006C			-1.032303695082545	
YHL010C	-1.32914292020749	-1.4499539025823798		
YHL015W	1.33207056282368			
YHL021C			1.15706599560508	
YHL026C		1.21048120904795	-1.44083804223302	
YHL030W			1.1582489766174033	
YHL033C	2.28430706197349			
YHL035C			-0.04025198227016006	1.52628736897448
YHL036W			1.270393196701525	-2.00832029111476
YHL040C			-3.45450280965797	
YHL047C		1.11299241115055	-1.9831725651691396	
YHL048W			1.187621044187995	
YHR001W-A			-1.4577597480106534	
YHR004C	-1.0549490416276899			
YHR008C	-1.00266519252798	-1.3166665406093898		
YHR010W	1.5032665275351			
YHR015W	1.32199466686203	1.03083694235498	1.5338748537174967	
YHR018C			-1.5294594176260552	
YHR020W	1.52779879206401			
YHR021C	1.5871198325210902		-1.1525958920317725	
YHR023W			1.0779548940409	1.12623745442365
YHR029C			-2.74701481630956	
YHR030C			1.283771334058	
YHR032W-A			-1.5784490061117	
YHR033W				-1.8156328881858799
YHR043C		1.47938141979728		
YHR044C	1.3874875656491001	1.24361929183614		
YHR046C	2.9081076068709506	2.92976826972499		
YHR049W	1.2396395407778502	1.7384547897276301		
YHR051W			-1.0448154841337651	
YHR052W	1.00274242583014	1.42700604886384		
YHR063C	1.18319451061537	1.0559108062742801		
YHR065C	1.04941072843014			
YHR068W	1.7130082955603	1.32057949050469		
YHR071W			1.244135249134485	1.18058505847696
YHR072W-A			-1.3065136769141898	
YHR080C	-1.1646947450823202			
YHR082C			1.271530621692265	
YHR085W	1.4135549263695701	1.4124361442689801		
YHR092C	3.0402877946697098	2.9347053603735698	-1.739195184870535	
YHR096C	-1.31823528940045	-1.7964846555749898	-2.16957253824167	
YHR097C			1.090585570517	-1.0374518222125
YHR106W	-1.21902366219793	-1.33936044500597		
YHR116W		1.05076033785444		
YHR123W			1.00445853216739	
YHR128W	1.25457818722448			
YHR138C	-1.5302979164006103	-1.0145891698017		
YHR141C	1.24972410033915			
YHR143W	1.22533517403349			
YHR147C			-1.02826693496667	
YHR148W	1.20342718454308			
YHR155W			1.26503051404281	
YHR162W	1.03535967901042	1.04968648551962		
YHR163W		1.0937855088033699	-1.1282795665366998	
YHR174W		-1.52994260788483	1.19510174329409	
YHR175W-A				1.28452055200727
YHR179W	2.34277544565586	1.6464771561398799		
YHR183W	1.9045328726898403	1.0535755655388102		
YHR194W	-1.00646462604572	-1.54329021380842		
YHR196W	1.3311640683727801			
YHR197W		1.3718965167455501		
YHR199C			-1.13470746369698	
YHR203C	1.3328657922416298			
YHR208W	1.6843943181977001			
YHR209W			1.1044540642181768	
YHR210C	1.4798202428905			
YHR211W			1.18835780927975	
YIL002W-A			-1.06100285623268	
YIL009W		-1.6305050147021698		
YIL013C		-1.33438955971206		
YIL017C	-1.3725047245713702	-1.6399356772298301		
YIL018W	1.5278835676001001			
YIL020C		1.5024698339586002		
YIL031W			1.2112615936063902	
YIL042C			-1.1941554808789399	
YIL045W	-1.4455017253734699	-1.4000878459596597		
YIL050W			-1.5456781672161002	
YIL051C			-1.23069633561343	
YIL053W	2.35273703391757			-1.48112859666722
YIL055C		-1.4131942710092602		
YIL056W	1.4745825016309602			
YIL059C			-3.09495275908939	
YIL067C	1.33201489013894	1.2277807332013		
YIL069C	1.1686433955675701			
YIL071C	-1.12122022609383	-1.0069650855900698		
YIL073C			-1.11107672744336	-1.30495652928474
YIL074C	1.13115617835254			
YIL087C			-1.33618896528713	
YIL091C	1.48852706502359			
YIL097W	-1.03382568420708			
YIL110W	1.2338763029295399	1.7045621572178302		
YIL117C			1.47797545732359	
YIL118W	1.27763746771542	1.25165056117142		
YIL121W	1.3291665969339999	1.3128558888108601	-2.9156568595507997	
YIL123W		-1.3242735373773797		
YIL124W	-1.1727884269998898	-1.72276467725844	-1.2031607553054349	-1.46380331642246
YIL130W	1.22327740693755			
YIL133C	1.7184351063664298			
YIL134W		1.5599106608098399		
YIL136W	-1.4819988481481299	-1.21806203964707		
YIL140W			1.12451508995743	
YIL148W	1.18951312383789			
YIL149C		-1.0232432097755502	1.0471490505296	
YIL155C		-1.19057120326333		
YIL156W-B			-1.246551247495755	
YIL159W			1.16824267064664	
YIL162W	3.10302464796503	2.7624917347975		
YIL164C			-2.1114257003303045	
YIL165C			-3.41144110353091	
YIR005W			-1.86865859649504	
YIR012W	1.89394952496807	1.38279199111608		
YIR015W	-1.5673166484414398	-2.0609638873521		
YIR016W		-1.1438552780267		-2.22967606524355
YIR018W			-1.8724963236589198	
YIR026C	1.70177722293494	1.60277898403482		
YIR029W			-1.3464312396117801	
YIR032C		1.30898139130174	-1.472847552375565	
YIR033W			1.02618015627024	1.12862637175617
YIR035C			-1.2001352175833402	
YIR036C	-1.1308172214635501		-1.2929440421454832	
YIR037W	-1.24235997805517	-1.18766423236604	-1.03956581761428	
YIR038C	-1.93781370870293	-2.4232453604954998	-1.2123955284465102	
YJL010C	1.05112574263754			
YJL011C	1.22865312786694	1.4961116308425502		
YJL012C			1.1896062642972118	1.02682835238764
YJL016W		-1.1067478199996001		
YJL026W		-1.7642165329935802	1.27145545644291	
YJL031C			1.02377611865464	
YJL034W	1.0765387561286999	1.11986369706674		
YJL035C		1.4446045893003499	-1.1769244494179598	
YJL048C				-1.23441488078133
YJL050W	1.00112470023985			
YJL052W				-2.70973639732346
YJL056C			1.13830845539748	
YJL058C		1.0845235490857699		
YJL063C			-1.00541387947502	
YJL066C		-1.03214512686696		
YJL068C			-1.12803972396893	
YJL069C	1.70635635134837			
YJL070C		-1.04828757061207		
YJL072C			-1.96205304554647	
YJL073W			1.7170099916228998	
YJL077W-A			-1.15684467827744	
YJL079C			-3.46575088399688	
YJL084C			1.05867953298019	
YJL088W			-2.2973900734054	
YJL101C			1.1495981646466102	
YJL104W			-1.0143179369030901	
YJL108C	1.77210284022181	1.4396603664218	1.3774659744643352	
YJL109C	1.24401298384125			
YJL115W		-1.00515604022833		
YJL116C		-1.73519643649658	-1.82552636039363	
YJL123C	-1.17599716690302	-1.1030961593283402		
YJL127C-B			-1.419518234989	
YJL130C			1.05105558646534	
YJL133C-A	1.6892683826831		-1.28923382045172	
YJL136C	1.2901915150828798			
YJL137C	-1.00216570187012			
YJL138C			1.256650903229	
YJL148W	1.0734894822834			
YJL153C		1.3651015228440901	-1.71577898290701	-1.90969231271493
YJL158C	1.57670357293452			
YJL159W	1.52586637629926	1.32719463923854		
YJL167W			1.25512617116599	
YJL171C	1.1841743069576698	1.18875350629425	1.1381016114330602	
YJL172W		-1.10650793254409		
YJL177W	1.44756171760465			
YJL185C		-1.69834101587739		
YJL189W	1.58712548335177		-1.1956414894550733	
YJL190C	1.9953858389441699			
YJL191W	1.30998868535655			
YJL194W			1.21467089886241	
YJL196C			-1.1929376598151	
YJL200C	1.1135118716106298			
YJL205C			-1.1701256705345966	-1.09634856953445
YJL209W		1.2304956035238601		
YJL210W			-1.501379022067685	
YJL217W	1.8904620814491			
YJR003C	1.21179759049684			
YJR004C		-1.11109755987363		
YJR008W			-1.11511047392747	-1.28341839631267
YJR009C	1.6298793101156002		1.04398170546197	
YJR010W	1.7409222025961297	1.74387869579149		
YJR021C	-1.1176687630556799			
YJR025C			-1.3837120902295648	
YJR033C		-1.22304562195745		
YJR034W			-1.10464578396453	
YJR039W	-1.1488204927493602	-1.33316823655456		
YJR041C	1.4092279078291898			
YJR044C		-1.0847647199628399		
YJR048W			2.22710393527637	
YJR054W		1.4030005149991998		
YJR058C			-1.12784935702099	
YJR069C	1.7576289568658603	1.8379846722871203		
YJR073C			-1.7448800352263067	-1.82149303347249
YJR074W			-1.2691348959581632	
YJR075W			1.05748226841692	
YJR078W			1.2170568435315825	
YJR085C			-1.3108088962192501	
YJR091C			1.01352876212719	
YJR094W-A	1.41237857926537		-1.00624747713279	
YJR101W		1.2303766754591698	-1.02848610511217	
YJR104C	-1.1844111409579299			
YJR106W			1.253401127171835	
YJR109C			-1.7352905686006599	
YJR111C			-2.51422284827109	
YJR112W			-1.9652459163250602	
YJR117W			1.5490572516860401	
YJR122W			-1.19812287702806	
YJR123W	1.40310836742952			
YJR124C	1.1784488422483501	1.1067738654635502		
YJR130C			-2.65413007888199	
YJR144W			-1.06284006789711	
YJR145C	2.03628377193991			
YJR151C		-1.2255889294376399	1.1565587971070135	
YJR152W			1.6106121165199798	
YJR154W				-1.52374603197997
YJR155W	-1.0155489325481	-1.14969296056536		-1.3043917380433798
YKL001C	1.6923382584091002	1.72493342388994		
YKL002W		-1.16003250627542		
YKL006W	2.0339734379956402			
YKL009W	2.43586450241922	2.2153262926746002		
YKL011C		1.262815722631		
YKL014C	1.32434570835733			
YKL018C-A			-1.3078682101226982	
YKL023C-A		1.6680267575516399		
YKL024C		1.13451707197831		
YKL027W		1.42536634214196		
YKL029C	1.63522924570627			
YKL032C	1.30214160590756			
YKL035W				-1.37658690005294
YKL050C	-2.83522832135835	-3.61701845598942		
YKL051W	1.03344949417696	1.37781850918497	-1.45608764104132	
YKL052C			-1.11279081086802	
YKL058W			-1.06553561667342	
YKL060C				-1.4973176388072402
YKL068W-A	1.76622746652726	1.76030662851377		
YKL069W		-1.33665101072428		
YKL072W	1.15257774276168			
YKL073W			1.48905684879529	
YKL078W	1.45916692297656			
YKL093W	-1.2446778138127599	-1.24505801885793		
YKL096W-A		-1.07661046344468	-1.7059884683787325	-1.8277649117830903
YKL099C		1.03057618167463		
YKL100C	-1.0485377938142701			
YKL101W			1.10053018861217	
YKL104C			2.01237000281629	
YKL109W	1.5883364409636598	1.41070777330079	1.2719660360424725	1.26142144545722
YKL110C	1.38679889916928	1.7420706912573303		
YKL120W	2.14624174391724		-2.71776845969534	
YKL124W		-1.0781899947554399		
YKL127W		1.07967029715582		
YKL128C	1.8210170059325002	1.9407381704826299		
YKL132C	1.52829062911199	1.88712712375716		
YKL137W			-1.30038387700626	
YKL141W			-1.13092944901777	
YKL148C			1.2669138563110902	
YKL150W			-1.13010824959058	
YKL152C				-1.44835852607524
YKL156W	1.2092403728882	1.00672019343918	-1.2681934575176699	
YKL159C			1.50942530198212	
YKL161C			1.4239654474134351	
YKL163W			2.0359300571677372	-1.39352402437103
YKL165C			1.92314458712418	
YKL168C	-1.05968213753487	-1.23705836387797		
YKL170W			-1.1031361000406201	
YKL178C	1.04692384400088			
YKL180W	1.6093709627705			
YKL188C	-1.1102643985654501	-1.4060057116140903		
YKL198C		-1.30518104367896		
YKL210W		-1.08617343566539		
YKL216W				-1.1282067692284599
YKL217W			-1.9892589280501203	
YKL218C			1.22654562765131	
YKL220C			-0.42677556775958014	
YKR026C	1.06584411126781	1.54554567098142		
YKR039W		-1.29442440746503	-1.84833453101559	
YKR042W	1.2084974489442502			
YKR043C	1.5545682771998			
YKR046C		-1.19294875476074		
YKR049C			-1.21767325606002	
YKR051W	-1.01479715285334			
YKR052C			-1.4820750390854098	
YKR053C			1.6265096262391059	
YKR054C			1.14934580791587	
YKR056W		1.16747613962591		
YKR057W	1.06891225031455		-1.16608181330204	
YKR058W	-1.18436734395772	-1.2432198186838899		
YKR059W			1.16050436749196	
YKR060W		1.03888467668189		
YKR061W		1.1771442258916		
YKR066C				-1.45590877996888
YKR069W			-3.25771261050587	
YKR071C	1.29056864409145	1.15318079620177		
YKR075C	1.23876812962141		-1.51921934820551	
YKR076W	-1.75825570956841	-2.13991111126256		
YKR083C			-1.08453300668494	
YKR085C			-1.44758529190576	
YKR091W			2.139416850121138	
YKR092C	1.69496003926669	1.03629527124833		
YKR094C	1.37648939810167			
YKR096W			1.07877818472775	
YKR097W			1.00131477908296	
YKR103W			2.0144052157500902	
YKR104W			2.11428113222788	1.00940746526391
YLL004W	1.21275937749505	1.5755503230699501		
YLL009C			-1.37794357360856	
YLL011W	1.23556342069673			
YLL012W		1.0193180372392		
YLL013C			1.1186844609624202	
YLL024C	2.11992383969616	1.8550429569791398	1.896005936387758	
YLL026W		1.12678295731518	1.223798761881915	
YLL027W			1.02611631144299	
YLL028W	1.0658466249660798			
YLL034C	1.8489523554354599			
YLL035W	1.34728486776237			
YLL040C		-1.2624568462868		
YLL041C			-1.3278009381713767	-1.06365562008509
YLL042C			-1.06370396105953	
YLL045C	1.68943903255951			
YLL048C		-1.23472029231099		
YLL051C			-1.4120630198914499	
YLL052C	2.07856574962342	1.24888484674209		1.1567479456391
YLL053C	2.4567454935601	1.4592417910193702	-2.0597083750029297	1.45673322379051
YLL055W		1.2234023092757		
YLL057C		2.28293920070973		
YLL058W	1.86768624441488	1.32809439956671		
YLR002C	1.56341490018181			
YLR004C			-1.86451761042512	
YLR008C	1.02544965270918	1.8305666368023499		
YLR009W	1.36835301291485	1.2197552835093		
YLR014C	1.50541176939082	1.47950100781782		
YLR020C		1.12369997368025		
YLR023C	1.55365739553202	1.6985166783920203	-1.49253436315936	
YLR024C			1.06206642550995	
YLR026C	1.05205732377433			
YLR034C				1.03648803629267
YLR038C			-1.3383045026755125	
YLR043C			-1.3080012965432102	
YLR044C	-1.2563071426491201	-3.1167259161568905		
YLR046C				1.01398091497896
YLR047C			1.034752993714655	1.15171627348973
YLR048W	1.9811935788776898			
YLR054C			1.373944707713968	
YLR056W	1.26587259111451	1.21582026573479	-1.5856943262308898	
YLR058C				-1.13640423799931
YLR060W	2.21640307258785	1.7058739191701102		
YLR061W	1.94623919374037			
YLR064W		1.34749842783268		
YLR073C	1.03884546690374			
YLR083C		1.0063264714421802		
YLR084C	1.00575138324505			
YLR086W			1.07300756944846	
YLR087C			1.20407432972211	
YLR089C		1.03655508327105		
YLR090W			-1.21461470083333	
YLR094C	1.20718112703746			
YLR099W-A			-1.26493742828201	
YLR106C			1.1543216498989	
YLR108C			1.23909521436833	
YLR110C	1.0563720181348			-1.0796291103667601
YLR113W	1.02401773647254	1.0082948127976001		
YLR120C			1.0851332007506	
YLR121C	1.628226424509	1.6410766088646	1.24201460752328	
YLR125W			1.01260377749424	
YLR134W			1.72610423947743	-2.0842632181657903
YLR136C			1.27661119682962	
YLR142W			1.2127405797882764	
YLR146C		1.24671458149146		
YLR146W-A			-1.51861999318127	
YLR147C			-1.0921552876401701	
YLR153C		1.47484134600983		
YLR154C			1.19653044308781	
YLR167W	1.2722313335433502			
YLR168C	1.69061853432458	2.5849222919719197		
YLR173W	-1.0390969243530601			
YLR178C	-1.6531264547604998	-1.4727004303618898	-1.12243260793705	
YLR179C	1.00410246279202			
YLR180W	2.21783847790237	1.39553522095601		
YLR185W	2.28064872297952			
YLR186W	2.1768060804529	1.9796445323515501		
YLR187W			1.1223783286559	
YLR193C			-1.6859599412357	
YLR194C		1.2987584652983502	1.2560714924395475	
YLR196W	1.56181126416264			
YLR204W			-1.1032683950709499	
YLR205C			0.6113671285501351	2.1408330877286
YLR210W		1.56323404339846		
YLR211C		-1.05046166352792		
YLR214W			-1.26322638733753	1.68659433220289
YLR216C	1.47108065735374	1.59908509288571	1.2664223759906699	
YLR219W		-1.31319067491772		
YLR220W				-1.3656322485433001
YLR222C	1.69052433250784			
YLR224W	1.3266522183497	1.06688388612942		
YLR225C	1.01190756739774			
YLR226W	1.34942849370334	1.52239189691179		
YLR228C			1.0535691300008698	
YLR231C				-1.21095533630309
YLR237W			-1.81543241457647	
YLR245C			-1.06256437609011	
YLR249W	2.46462942303463	1.9355806506322		
YLR251W			-1.3744145941863934	-1.58046021369401
YLR256W			1.1522738473833	
YLR257W			1.43645337715466	-1.14968300129469
YLR258W			-1.0630382402049001	-1.50154571279303
YLR262C-A			-1.13906765586954	
YLR264W	1.7211092489285702		-1.10538485683091	
YLR265C		-1.1894208748914399		
YLR285W		1.0507252776603102		
YLR290C			-1.154108229578355	
YLR293C	2.06525763766545	1.7190564730228302		
YLR294C		1.0855238904493		
YLR295C			-1.07019360885561	
YLR297W			-0.33875785693372495	
YLR300W	1.32283852821783			-1.31255897390606
YLR304C			1.661308812438535	
YLR309C			1.096172589290075	1.3871998617713401
YLR317W			-1.13941462815275	
YLR325C	1.04045970378176			
YLR326W			-1.1419730553729	
YLR327C			-1.933032811184415	
YLR337C		-1.27879492803174		
YLR340W	1.49855756842868			
YLR342W	1.15745061252851			
YLR342W-A	1.03624926490864	1.04231075002306	1.3307872436950223	1.6486298873721201
YLR344W	1.28491944292215			
YLR353W		-1.0914283108726		
YLR355C		-1.05042991012922		
YLR356W	-1.18845002449823	-1.7285182830346701		
YLR359W				-1.08445068193115
YLR364W	1.02503170132787	1.8289363643902001		
YLR367W			-1.196903014383865	
YLR375W			-1.4643763989669498	
YLR378C			1.12770974585526	
YLR388W	1.7047808523463797			
YLR395C			-1.6121382079276676	
YLR406C	1.11321173084816			
YLR409C	1.17495415697663			
YLR413W	3.16658941797651	1.06137931296889		
YLR422W			1.061240768826	
YLR423C	-1.48565880410945	-1.10719882408788		
YLR424W			1.1039559667711698	
YLR430W			1.1278963835676352	1.17949320992606
YLR435W	1.30590418465934	1.4348613970681299		
YLR437C	2.12077563751299	1.83426540950736		
YLR438W		-1.2572836430136298		
YLR441C	1.2311622753089			
YLR446W		-1.49053038137403	1.34145136109948	
YLR448W	2.5130731232003702			
YLR454W	-1.3310237880082199	-1.57150419662948		
YML004C	-1.0387385599987			
YML006C		1.30438915139099		
YML008C	1.2272871912908798			
YML009C			-1.23010408254096	
YML014W		1.12376942344417		
YML018C	1.21387480186764			
YML020W			1.07494631804066	
YML021C	1.00330857506919	1.1930103633753202		
YML024W	1.42399122972674			
YML026C	1.77323595183582			
YML027W		-1.3105976471146399		
YML028W			1.4805717083208	
YML038C			-1.1297407225336298	
YML043C		1.05082789509391		
YML046W	1.1065044302276799			
YML052W			-1.1581616312071399	-1.3352705495001103
YML054C			-2.25894712156889	-1.6501402094881104
YML056C	1.61643636923077			
YML063W	1.80167613183493			
YML073C	1.19547887996341			
YML074C			1.00499031069643	
YML080W		1.4216169948640502		
YML081C-A			-1.187426106564286	
YML081W	1.01976666332409			
YML086C		-1.33627308219219		
YML087C	1.2030860876686298	1.4387709118431597		
YML091C	1.1446353697948102	1.01618754695547		
YML096W		1.02377849592712		
YML106W	1.0100712231906401			
YML111W	1.18319273668969			
YML124C	1.01649835408335			
YML125C	1.6585903446902002	1.20949165094249		
YML128C	-2.14936857788059	-2.29056227288952	-1.03384476992191	-1.90330186844751
YML129C			-1.28699119364325	
YML130C	1.7895775646751002	1.72505809728845	1.4409230418341101	
YML131W			-1.0199513852498199	
YMR002W		1.2735462760095702		
YMR003W			-1.05433110903283	
YMR006C		-1.23878410471706		
YMR008C			1.1372654234202701	
YMR009W			1.20088657875617	
YMR011W	4.30225177888248	1.4031565754640098	1.625800950157345	
YMR012W			1.0464499016844202	
YMR013C		1.1147140857846298		
YMR041C			-1.04564252820091	
YMR042W			-1.3892095983459198	
YMR049C	1.0932122441886			
YMR056C			-1.7332610814939349	-1.12721961803832
YMR058W		1.0430558268179	-4.01332616668392	
YMR062C			-2.1998206386581605	
YMR063W			-1.27059077476752	
YMR066W		1.1134920902378		
YMR071C			-1.09334975481956	
YMR072W	-1.07148804726517	-1.3086030043711399		
YMR076C			1.01338105013888	
YMR085W	-2.1220085815506797	-2.65911454943729	1.406246226352523	
YMR090W	-1.4803561138722199	-1.38470656712989		-1.17955088821989
YMR093W	2.99713222518111	1.7072969621814298		
YMR095C			1.0346600435645001	
YMR102C	1.53116725194126	2.13826670487634	1.1955943919364973	
YMR103C			1.2500024457118302	
YMR104C			1.6077549129193702	
YMR105C	-1.04378127486939			-1.73318946189145
YMR106C	-1.1293324659776298			
YMR108W	1.33334585034076		-1.8622851597068601	
YMR110C	-1.40682763378898	-1.3208063656698898		
YMR114C		-1.09214835465175		
YMR116C	1.51828680798109			
YMR119W			1.14358093997171	
YMR120C		-1.2359126455058702		-2.03951814560579
YMR122W-A	1.9366424073888502	1.5362953003528201		-1.12804957079757
YMR123W		1.0454294407965699		
YMR130W		1.2396750931296399		
YMR131C	1.67010799730708	1.12006211625485		
YMR132C		1.44333431978098		
YMR134W		1.5398061150748	1.13244361248157	1.5628777031742502
YMR136W			1.14440095622174	
YMR138W			-1.00777044349313	
YMR142C	1.47653616384844			
YMR143W	1.3626741478490298			
YMR145C	1.09560345820907	1.8449190501029098		
YMR152W		-1.2029855805803797		
YMR158W	1.0196395136505698	1.3950228296914398		
YMR160W	-1.04856362903029	-1.23609284838055		
YMR169C	-1.2584112652076798	-1.3222779460961498		-1.39166351729548
YMR170C		-1.19727363268548		
YMR177W	1.01192468229927	1.5039272490084699		
YMR183C	1.11076557539689			
YMR186W			1.3389068056548774	
YMR191W		-1.0737982956188699		
YMR194W	1.44045067226168			
YMR195W			-3.00829700586864	
YMR196W	-1.01746164419919		1.5220282976401898	
YMR202W	1.58548018401189			
YMR205C		-1.06245812394666		
YMR217W	1.2122320673173301			
YMR229C	1.5544741425427602	1.1878490218896		
YMR239C	1.3053026283192402	1.32525200489899		
YMR242C	1.7916047655529			
YMR251W-A			-1.8861736348897902	-2.41837334940522
YMR253C			-1.92396507000981	
YMR256C			-1.2257421114675149	
YMR258C	-1.00649883850391			
YMR263W			-1.03791487670074	
YMR272C				-1.2706676781034598
YMR274C		1.59438256663158		
YMR286W			-1.2657914785285	
YMR290C	2.0004010050386203			
YMR296C	1.10140407829663			
YMR300C				-1.07163184453322
YMR304C-A	1.04700594938932			
YMR305C	1.06797837505682		1.23713351123025	
YMR307W	1.7445509150717	1.7224322995739498		
YMR316C-B			-1.11630359903068	
YMR316W			1.138752480131255	
YMR318C	1.37156054804075	1.1126563290555		
YMR319C			-1.43916145878704	1.8282150575008402
YMR320W		1.1140828898501498		1.0685649798825798
YNL007C	1.30742532948318	1.00179575665995	1.12304588203939	
YNL009W		-1.42620480921275		
YNL014W	-1.22391983857614	-1.5626818026188503	1.272160084606605	
YNL020C			1.23534807183793	
YNL021W		1.3936975513208898		
YNL022C		1.18577313226951		
YNL024C-A			-1.00138623698169	
YNL029C	-1.00448167471681			
YNL030W	1.11951682411119			
YNL036W			-1.67191929201269	
YNL037C	1.65987685591544	2.1623501051598	1.3720425071859226	
YNL044W			1.68198441318131	
YNL045W	-1.1538274391482701			
YNL046W			-1.20872683388475	
YNL052W			-1.129577203633545	
YNL064C	1.8734990907807698	1.5001988095846		
YNL065W	3.18872033508713	2.0063707465080802	-1.2369762031533797	-1.5535926849331498
YNL067W	1.2643240796922501			
YNL068C		1.2265056006309498		
YNL069C	1.69947774140059			
YNL075W	1.0310612126690502	1.01212234623473		
YNL091W			1.09942135151973	1.07751887370231
YNL100W			-1.1102403614514198	
YNL111C	1.2229264429474098		1.4872379002149299	
YNL112W	1.83085835528301		-1.2293661549636101	
YNL113W	1.12236066936518	1.4856503074841698		
YNL115C	-1.79927806994036	-2.36189837308529		
YNL117W			-3.05840908354195	3.4029603619255604
YNL122C		1.12373611638866		
YNL123W	1.39050909934452	1.01585450039353		
YNL124W	2.12507174077903	1.9117648918163201		
YNL125C			-1.57113006115239	
YNL129W	1.11836724417376	1.53605236397477		
YNL132W	1.26698388697503			
YNL134C				-1.1628469529666798
YNL138W-A			-1.11616111638266	
YNL141W		1.2464394881471998		
YNL142W	2.21794700310081	1.8108743462600903		
YNL145W			-1.1926698997405576	-1.52278627656094
YNL148C		-1.11149619442195		
YNL160W			-2.4874230173068135	-3.33501552010424
YNL162W	2.2098714673226802	1.18505672356218		
YNL166C	1.0209788876274901			
YNL169C			1.1818162499503402	
YNL173C	-1.5606342049582902		-1.18311009088975	
YNL175C	1.1031498296422801			
YNL180C	-1.4373240415588	-1.26134455493168		
YNL182C	1.46530742072622	1.26706059650224		
YNL188W		1.22420494444738		
YNL190W			1.26701272189855	
YNL191W		1.30262187491788		
YNL192W			1.3043993528993334	
YNL200C			-1.14391627242016	
YNL201C		1.02092641440683		
YNL209W	1.3674747041309698			
YNL217W		1.20034901206027		
YNL219C	-1.01497415824949	-1.15133589939493		
YNL246W			-1.012450344196815	
YNL250W			1.0900659195459899	1.03169915638125
YNL251C			1.0081920332477	
YNL254C			1.18432789920417	
YNL259C			-1.6793835259931251	
YNL262W			1.10553341058311	
YNL264C	1.8227545542025803	1.7085628570210503		
YNL274C			-1.7348900880605151	-1.7192573165321898
YNL277W	1.12373378445749		-1.1115039909180502	-1.12837845189903
YNL278W	1.2313576337613101		1.01052069513861	
YNL279W				-1.55568823720411
YNL280C		-1.3667005176134102		
YNL281W	1.6455042330066298	1.27475240756793		
YNL282W		-1.06500389576206		
YNL289W	2.0332878236292			
YNL299W	1.07684603140129			
YNL300W	1.2628579563765199			
YNL302C	1.19110594622068			
YNL314W			-1.01803620540008	
YNL321W		-1.42481788289334		
YNL327W	2.43998098164354	2.05970186610306		
YNL336W			1.3388963807310201	
YNR001C		1.29087452034725	1.1237270013788967	
YNR009W			-1.1416717385173898	-1.16467436458055
YNR012W		1.26237802384614		
YNR016C		-1.10209058234775		
YNR030W			1.07637259016303	
YNR036C			-1.25061109543891	
YNR041C		1.0064635448700001	-1.02372447398315	
YNR043W	1.3880650883789298	1.09798425631478		
YNR044W			1.15110343840265	
YNR047W			1.04015119663537	
YNR050C				-1.3725506791168702
YNR051C				1.06468995739214
YNR053C	1.45533818267593			
YNR056C			-1.36821308600857	-2.53781511019977
YNR057C			-1.5799742413564102	-1.8926780285273799
YNR058W			-1.2911884919525622	-2.06813513800271
YNR065C			1.14404225600731	
YNR067C	3.18802049359524	2.96865643289577		
YNR075W	2.15624268867507	1.22296832206723		
YOL002C		1.0548608188066302		
YOL007C		-1.030884171671	1.5571516595062802	
YOL013C			1.01971367668522	
YOL015W			1.272902921158178	
YOL016C			1.3085707233907824	
YOL028C	1.0663183005989	1.08230774647303		
YOL029C	1.3627256330163702	1.6095223111468797		
YOL031C		1.4019223548980702	1.6775311219432398	
YOL033W	1.0119208159406898			
YOL039W	1.62131455391081			
YOL040C	1.65863006942908			
YOL041C	1.7801598019430602			
YOL045W	1.3032760421564298			
YOL048C	-1.6217990511534097	-1.28804207217112		
YOL065C	-1.02408019361984	-1.3590462869881001		
YOL077C	1.0549415311775698			
YOL077W-A			-1.6556544787559297	
YOL080C	1.6736406494146099	1.8355042725955901		
YOL081W			1.176766809028765	1.2232156595811698
YOL082W	-1.3166244649620702	-1.5972545033219998		
YOL083W	-1.6570357840975498	-1.76575733942429		
YOL086C		-1.88628894707086		-1.5364194143471699
YOL086W-A			-1.4218071765497	
YOL087C		-1.35867082606932		
YOL097C	1.4487344641797701	1.0264226460498		
YOL101C			1.63594527621344	1.4893848107124599
YOL107W		1.23422107562955	1.0451986528349801	
YOL109W	1.6116357362877398			
YOL110W			-1.66383532151077	-1.0309407233994101
YOL119C			-2.7095137993720297	
YOL120C	1.57604701885925			
YOL121C	1.7132516236396298			
YOL124C	1.7070887428208799	2.20731895421381		
YOL125W	1.4196944568414398	1.80618753380256		1.05139964128142
YOL127W	1.85671720689684			
YOL128C		1.5159847922496497		
YOL133W			-1.07314607184671	
YOL136C	3.6467530592759703	3.0096104341231604		
YOL140W	1.1077529937193502	1.21773187996772		
YOL147C		-1.2263705830395801		
YOL151W			-1.08555904327225	-2.64274318602138
YOL154W	1.8199651678000301	2.2359166939229	3.1196920386126172	
YOL155C			-2.8894020316551297	
YOL158C		1.29734371790574	-2.69140930234782	1.8403737555375799
YOL164W		1.86786473566613		
YOR009W			1.1951015503572	
YOR011W	1.42957309885304	1.4327365354441801	1.21620527308561	
YOR018W		-1.0848673432829599		
YOR020W-A			-1.253061919027	
YOR023C		-1.03908611411459		
YOR025W		-1.09335962199699		
YOR027W			1.270894566758275	
YOR028C	-2.02573960851118		1.15001867379684	
YOR035C			1.055049989832375	
YOR036W			1.14383830337324	
YOR040W			-1.04538891237106	
YOR045W			-1.2672885450406675	-1.04939510738837
YOR047C	1.29265557214484			
YOR054C	-1.18076897283469	-1.16609255956899		
YOR058C			1.2197314477722665	
YOR063W	1.1694846918728			
YOR065W			-1.1880835762695026	
YOR074C				-1.1245088226005
YOR079C	1.07182182274583	1.30037626401099		
YOR083W		-1.31478103231217		-1.1497395802738302
YOR084W	1.3047756330859	1.4576690341333798		
YOR086C	-1.09391040181596	-1.69276674405843		
YOR092W	1.12252916331593			
YOR095C		2.05253062425929		
YOR096W	1.4332026617155302			
YOR099W			1.13051071086366	
YOR100C				4.7254937715834
YOR107W			-1.464372476579475	
YOR108W	1.07498011800982			
YOR113W		-1.4489555520741697		
YOR115C	1.2314071511771598	1.5170702811758798		
YOR120W				-1.3544141266691598
YOR125C			-1.13608729983613	-1.19827574215761
YOR126C		-1.0828309652930899		
YOR127W			1.00433476478072	
YOR128C				-1.0451172592420401
YOR130C			-1.9588321765111598	
YOR133W			1.5518357402446	1.3968581652279801
YOR136W	1.88144354189635	2.15242360469934	1.6999471781790347	1.1251348701279298
YOR137C			1.1366306346592203	
YOR143C		1.09611525729515		
YOR152C			1.579970516608765	
YOR153W			1.05054370415872	
YOR161C		-1.6951567540433703	-1.421680731951377	-3.6334743719962503
YOR167C	1.42874010390307		-1.14959864467397	
YOR173W	-1.60250165227503	-1.70507732824179	-1.5916206117865699	-2.08101458621887
YOR176W		-1.18534745492581	2.21460653400757	-1.4341090268810799
YOR179C		1.20037836024606	-1.57259435403478	
YOR180C		-1.5098893411847298		
YOR181W		-1.08472766015296		
YOR185C	-1.0724411842913	-1.14057137280074	-1.287657815047218	
YOR193W			1.1841908679877151	
YOR198C			1.6798322765359899	
YOR201C			-1.7615020041479599	
YOR204W	1.30374956723006	1.0324380639172601		
YOR208W			1.7372827589197675	
YOR215C	-1.18902365173932	-1.33850642337533	-1.15816100451489	
YOR220W			1.09718934797642	
YOR226C	1.4076882293245399	1.14126463475824	-2.65826812570456	
YOR227W		-1.00944698395031		
YOR228C	-1.1309079589643702	-1.1935331067111699		
YOR230W	-1.35866311611646	-1.6736238040989802		
YOR233W	1.12203087504513			
YOR234C	2.1257220765888			
YOR243C	1.35856405104182			
YOR247W	1.51393010543955		1.1038849902694299	
YOR264W			-1.08606487685085	
YOR265W			-1.0026145742436	
YOR267C	1.11798228899029	1.0479269423832098		
YOR269W			-1.1589942537548201	
YOR271C	1.35731407046615			
YOR273C	1.4780422839736798	1.5533824300035		
YOR274W		1.2574993635448601		
YOR281C		1.0324242751491601		
YOR288C	-1.5325749065815202			
YOR289W			-1.184659915253	
YOR293W	1.63093366494656			
YOR302W			-1.9899616093567902	
YOR303W			-1.5983406127330901	
YOR306C	2.6441570541187405	2.26916238380153		
YOR310C	1.79527340291049			
YOR312C	1.33115971184539			
YOR315W	1.44669005662155			
YOR316C			-2.46430747880043	1.0588012733103
YOR328W		-1.75797915531771		1.07898823462503
YOR335C	1.06645411121538			
YOR336W			1.1752536864816299	
YOR337W	1.165567240801	1.0082896793768301	-1.82204918292028	
YOR338W	2.8415297521311498	2.15741404285977	-1.16762989986024	
YOR340C	1.50154081410841			
YOR341W	1.01421116596676			
YOR355W				1.1088638328325802
YOR356W			1.0505559686272	-1.7409297391911998
YOR359W	1.4410301408916202			
YOR360C	2.03677091462378	1.9694842044842198	-1.08064691391436	
YOR369C	1.34186986923638		-1.03576305957305	
YOR372C	-1.13018636045395	-1.33998716051922		
YOR374W		-1.12442810903081	-1.5125890782281122	
YOR375C	1.9554706820853702	1.50716037377805		
YOR377W			1.4772671712515024	
YOR381W			0.559802994102465	
YOR382W	1.94095979021797	1.67819273816405	-1.6493279410991248	
YOR383C	1.73248661111418	1.7135795656026598	-1.369087953575025	
YOR384W		1.4382651545165301	-4.66970177860186	
YOR385W			1.66142157645432	
YOR389W		1.0605814709832901		
YPL001W	1.39990313997099			
YPL004C		-1.26994777351444	-1.06409829104382	-1.56977262218647
YPL009C			1.06513126078269	1.19815325179623
YPL012W	1.1778595691872			
YPL013C			-1.1148503895811799	
YPL016W			1.44958208772704	
YPL018W			1.0766097252591997	
YPL019C			1.8618172320953044	2.12750080610021
YPL026C	2.01361840232469	1.26096197077669	-1.13362731661709	
YPL030W	1.3687571443932598			
YPL036W	-1.63776152331756	-4.19950472751584		
YPL056C				1.0818060015396
YPL058C	3.6475607783939	2.1726557640825	1.1388441769000601	
YPL075W			1.0324005296765202	
YPL079W	1.51617145454168			
YPL081W	2.43441347459425			
YPL085W			1.16449867792717	
YPL088W			1.3981105093089468	
YPL090C	1.0675304052227699			
YPL093W	1.97274844825114			
YPL097W		1.4126659196710603		
YPL106C	1.9498237255122501	1.45999160821618		
YPL111W	1.23073299013416			
YPL112C		1.00569264135033		
YPL126W	1.23704866543703	1.0158904520637901		
YPL127C			-1.21401755088499	
YPL131W	1.2001105782288			
YPL135W			-2.27717840150839	
YPL137C			1.02650451638339	
YPL143W	1.4805135307369899			
YPL147W		-1.42196080269898		
YPL153C	-1.3704762432978002	-1.9554016035444999		
YPL156C			1.5833611608397424	2.09778133350336
YPL162C	-1.01707799969469			
YPL163C			2.1394583783352603	
YPL169C	1.4620529043879198	1.32108083299922		
YPL175W		1.48349891152899		
YPL183C	1.49956519266319			
YPL188W			-1.9335652920064	
YPL189C-A			-1.2905723237728002	-1.25340385888018
YPL189W			1.5131777258713826	1.24334382400727
YPL198W	1.21475640804496			
YPL199C		1.31969139572023		
YPL202C	1.18485059015122	1.5855952397855702		
YPL203W	-1.26394309717381	-1.30911032821931		
YPL208W		1.06097916964167		
YPL211W	1.32324444021617			
YPL212C	2.00036038696857			
YPL219W		-1.01570544661093		
YPL222W	-1.4213605238591498	-1.4519864488648302		
YPL226W	1.7720006329489801			
YPL227C		1.10711198824658		
YPL229W			-1.2627297934865802	
YPL239W	1.07690035762098	1.38675347252449		
YPL240C	1.49900271118211	1.54946338097902	2.11807329257202	
YPL242C			1.01180306949855	
YPL245W		1.13833675843543		
YPL247C			1.09377715075462	
YPL249C-A	1.2162276794775402			
YPL250C	1.9016305717654398	1.8870153846842501	-0.8901513535715901	1.83110867446627
YPL252C			-1.05653281458099	-1.00957979305575
YPL256C	1.53972589413717		1.36382679342219	
YPL262W		1.07774881729059		
YPL263C	1.18283882270247	1.5373997733739702		
YPL266W		1.3470251427028501		
YPL271W			-1.0165641228839999	
YPL272C			1.18455718514982	
YPL274W			-1.94739287359635	
YPR001W		-1.20318553320949		
YPR002W			1.2793744563698248	1.5051534759200902
YPR006C	1.473241373651	1.54093697499899		
YPR009W	1.76817007842908	2.02888465582232		1.27581979238277
YPR010C	2.10202599567209			
YPR010C-A			-1.14740982527159	
YPR013C		1.00871570356647	1.049687993823375	
YPR033C	1.184634306986	1.44614476316618		
YPR035W	2.33346235863417	1.88767835900502		
YPR036W-A			1.1504449827691001	1.53183220856577
YPR043W	1.7572579171600602			
YPR051W			-1.09385108526393	
YPR057W			-1.07277877762437	
YPR058W			-1.74210416434939	
YPR065W	1.54787289643113	1.18774144399341	1.0443235280806633	
YPR066W	-1.03832504435641			
YPR073C		1.04435042492613		
YPR074C	2.6527411564913503	2.11771978761507		
YPR094W	1.33072517850085	1.49021844503602		
YPR098C			-1.1629509577204324	
YPR100W			-1.13091269952024	
YPR102C	1.3308822558404299			
YPR110C	1.74506831270396	1.31368486078255		
YPR124W	1.00867221560232			
YPR125W	1.1937525689392101	1.51977422740695		
YPR138C	1.49583283096728	1.95849880381836		-1.27831810029104
YPR145W	1.98147288576232	2.03404268060987		
YPR146C			-1.22468744203316	
YPR149W			-2.07644580397224	
YPR157W	3.06764876894625	3.43326312590748	-1.65422167692372	-1.1848924325296002
YPR158W	2.09716723846995	2.69138159591091		
YPR167C	1.82443798759278	1.6848614194143399		
YPR172W	-1.26725191347115	-1.8250793361132198		
YPR175W	1.2394084997889598	2.2476369777495604		
YPR182W			-1.1099482228525201	
YPR185W		-1.34827862933743		
YPR186C	1.05719627832714			
YPR190C	1.7154753053065	1.39989786359522		
YPR191W			-1.1020369726182	
YPR196W		1.2932719129866799	1.1223775851009798	
